host_id,host_name
2787,John
2845,Jennifer
4396,Casey
4632,Elisabeth
4869,LisaRoxanne
7192,Laura
7310,Tilly
7322,Chris
7355,Vt
7356,Garon
7490,MaryEllen
7549,Ben
7702,Lena
7989,Kate
8198,Monica
8967,Shunichi
9744,Laurie
10889,Bob
11481,Annette
11528,Claudio
11975,Alina
15991,Allen & Irina
16800,Cyn
17571,Jane
17985,Sing
18946,Doti
20950,Adam And Charity
21207,Chaya
21904,Dana
22486,Lisel
23276,Katharine
23619,Anna/Fonzy
25183,Nathalie
25326,Gregory
26394,Claude & Sophie
27848,Jullett
30193,Tommi
31374,Shon
32045,Teri
32169,Andrea
32294,Ssameer Or Trip
35375,Savannah
35935,Angela
42032,Dana
42273,Dani
44145,Tyrome
44263,Ana
45445,Harriet
46978,Edward
47610,Abdul
47618,Yolande
47727,Earl
49670,Rana
50124,Orestes
50148,Adreinne
50846,Jennifer
51038,Erica
52335,Alexander
54275,JT And Tiziana
56094,Joya
56104,James
56246,Jeanne
56284,Francesca
56512,Joanna
59023,Bianca
59734,Luiz
60049,Ted
60252,Cristina
60278,Petra
61491,D
62165,Michael
62407,Edward
63318,Meka
63588,Dimitri
63613,Patricia
63924,Mark
64056,Sara
64442,Reka
64522,Daniel
65091,Kay
65837,Robin
66035,Anna
66243,Enzo
67778,Doug
68428,Tye And Etienne
68599,George
69439,Jade
69829,Josh
69942,Victoria
70091,Justin
71512,Blaise
71876,DAVID And RICK
72014,Lulú
72062,Bruce
73051,Sybilla
73128,JoLynn
73469,Gaia
74303,Maggie
74857,Starlee
76627,Pas
78460,Sean & Lynette
79070,Tracy
79402,Christiana
82685,Elliott
83257,Olan
85330,Jean
87773,Shelly
88209,Jason
92788,Sara
93790,Ann
97219,Seth
97797,Brenda
99212,Jessica
101597,Per
105538,Erik
107628,Dena
109589,Jessica
110506,Myung
112793,Sally
115157,Nimo
115307,Alexandra
115560,Stacy
116599,Sahr
117287,Lara
118971,Evelyn
119510,Emma
119588,Vero
119900,Sylvie
120223,Jen
120291,Karen
120335,Cs
124352,Lisa
124797,Fernando And Lenin
125857,Uli
126607,Laurine
127608,Chris
127772,Will
129352,Sol
134355,Moss Owen
135619,Tom
136227,Henning
137292,Sunder
137432,Paz
137814,Waldemar
137974,Khem
138069,Itamar
138579,Ali+Scott
139612,Elisabeth
139874,Sarah
140025,Fredah
142684,White
142833,Katherine
143027,Ming
143048,Paula
146944,David
149929,Obed
155689,Joab
157798,Irene
158284,Karene
159370,Viviana
165789,Sarah
168417,Marie
168525,Gus
170510,Renée
171851,Henry
174025,Sylvia
177536,Tessa
178043,Chas
180083,Syl
181167,Lorenzo
181376,Carol
185978,Newyorkroomwithaview
186084,Ricardo & Ashlie
190409,Waundell
193360,Young
193637,Sara
193722,Coral
197755,Sheila
199392,S.M.
201297,Myrna
202249,Campbell
204539,Mark
204724,Miyoung
209460,Marylyn
210746,Kathleen R.
211877,Daniel
212722,Teresa
214148,Robert
214287,Alex
216191,M
218404,Claudia
221873,Shane
236421,Jessica
236655,Erina
237329,Lee
239208,Ori
240360,Marlaine
240427,Naimah
242506,Jsun
247432,Charlotte
249372,Cynthia
251176,Jason
253385,Douglas
255583,Anka
256161,Wayne
258164,Jenny
260709,Paul
262138,Tami
262812,Vikram
263414,Pete
264928,Sally
265109,Nazleen
267593,Leonardo
268014,Alex
272006,Vasili
274557,Ana
274782,Betty
275459,I
275563,Lauren
275578,R
275582,Natalia
276291,Simon
277379,Agnes
277394,Linda
277747,Josh
279797,Dave
281229,Alicia
281764,Colette&Sean
282655,Jenna
282927,Drica
288031,Leslie
289653,Harrison
291112,Frank
292204,Blanca
292630,Mich
293394,Rachel
295128,Carol Gloria
295760,Greta
297176,Bethania
297769,Tunji
299755,Jonathan
302772,Cheryl
303882,Brie
303939,Lissette
306545,Olivia
306605,Daniel
306739,Maya
307962,Dennis & Naoko
308652,Antonín
308875,Scott
310458,Emily
310670,Vie
311286,Helene
312288,Paula
312722,Kristian & Di
313317,Niya
314256,Debbie
314582,Anthony
314941,Tony
317809,Claire
319092,Juhli
320422,Marlon
320450,Mary D
320538,Larissa
320761,Valerie
321756,Eric
321934,Jessica
322716,Alex
322884,Melissa
323517,Deda
324460,Samir
325389,Luis Fernando
327673,Stefano
327900,T
329436,Jana
330347,Adrienne
331328,Amir
332189,Elise
338454,Share
340692,Vanessa
342054,Violetta
343250,Jason
352168,Silvia
353965,Mary And Geoff
354330,Eyal
361855,Kurt
363834,Jennifer
364955,Ruperto
365153,Ben
369015,Thai
373085,Hudson
389924,Patty
391325,G & S
394752,Allison
401696,Patricia
404424,Oliver
410094,Yvette
417504,The Box House Hotel
422561,Nancy
425506,Bliss
430188,Pam
434987,Jennifer
438133,Ellis
448312,Christopher
449787,Sarah
451545,Ruthven
453519,Julian
454756,Leslie
456638,Sophie
459054,Famous
462776,Kyle
464506,Ange
465278,Ade
465589,Amia
473113,Keishera
478395,Jason
503800,Sadatu
507186,Holly
509341,Tessa
509918,Eduardo
520279,Peter Michael
522065,Liz And Melissa
522164,Wanda
523218,Giorgio
526653,
526805,Mi
530032,Lee And Tara
547386,Michelle
551055,Alicia
552679,Olivia
567187,Jane
568568,Driss
571952,Olivia
572527,Marine
573065,Laura
573316,Kelli
579495,Susi
582598,Andrey
585166,Lilly
585458,Paul
593115,LuLu
599354,Bobby
611716,Elizabeth
616825,Rinaldo
617990,Christopher
620288,Eric
622460,Justin
622855,Rodney
622866,Daniel
627217,Seith
630453,Vanessa
651390,Catherine
652842,Giovanni
653405,Tracy
656841,Meredith
663384,Irena
663764,Karen
663879,Christopher
665013,Jeff
674970,Michael
680818,Jessica
683975,Ivy
686147,Dave
686768,Mark
687361,Orna
689661,Allison
703156,Kristin
706418,Carolyn
709334,Julie
709434,Meighan
715807,John
716064,Mihalis
716306,"Dee, Dre & Mama Shelley"
718349,B.
720320,Nancy
720558,Sara
722320,Gladys & Bob
726333,Peter
731855,Wendy
731904,Ewelina
732535,William
733894,Lucy
737585,Pat
739499,Donna
745069,Kimberly
747698,Linda & Chris
757166,Tokunbo
758441,Fred
759583,Pepe
759883,Kaye
762563,Lennny & Megan
769247,Ligia
770831,James
772300,Alain
776490,Andres
776645,Placid
781647,Jorin
787273,Smadar
789257,Barbara
791287,Giancarlo
792159,Wanda
793620,Yvette
795640,Jilly
795889,Adam
800982,Chris
803086,Benton
805344,Alec
806112,Julia
806214,Vanessa
806774,Ali & SweetPea
807642,Jeffrey
812814,Lena
826192,Lewis
826459,Jane
829652,Donna
833926,Kris
836168,Henry
842125,Jennifer
844862,Cj
846309,Dani
867225,Rahul
961342,Augustin
1856604,"Robert ""Bob"""
2248897,Roberta
3088389,Kai
6197784,Jo
